{
  "month": 58.415277807753895,
  "s_convenience_store": 1164.2121864887024,
  "s_distillery_brewery": 713.5067227673608,
  "s_gas_station": 1291.796273616981,
  "s_general_store": 1262.4146087240204,
  "s_grocery_store": 1139.9726935328283,
  "s_liquor_store_bar": -3253.7629303104004,
  "s_other": -2007.6898196724217,
  "s_pharmacy": 13.65869657604018,
  "s_unknown": -324.10843251003695,
  "c_adair": 800.6617147131432,
  "c_adams": -5157.339124034677,
  "c_allamakee": 244.33854218056368,
  "c_appanoose": -374.44797288987775,
  "c_audubon": -880.1320039548633,
  "c_benton": -1075.5267313257248,
  "c_black hawk": -153.21413573657256,
  "c_boone": 640.8352034923394,
  "c_bremer": 1878.2403503948265,
  "c_buchanan": -368.48408113655046,
  "c_buena vista": 36.30003095523576,
  "c_butler": 590.4423868005616,
  "c_calhoun": -132.6805924732279,
  "c_carroll": -442.2196314845609,
  "c_cass": -274.95643396217343,
  "c_cedar": -123.60757398667047,
  "c_cerro gordo": -157.83843298097452,
  "c_cherokee": 1332.151923690256,
  "c_chickasaw": 559.3361981282566,
  "c_clarke": -4349.936504711313,
  "c_clay": 448.7134658208984,
  "c_clayton": -175.8064284683311,
  "c_clinton": 2617.2870805277753,
  "c_crawford": 1298.326858816372,
  "c_dallas": 3134.3820018223632,
  "c_davis": 860.6017527681786,
  "c_decatur": -1179.0906150640851,
  "c_delaware": 1317.0097699051105,
  "c_des moines": -242.06345230126485,
  "c_dickinson": -1885.2787029004835,
  "c_dubuque": -444.47594623450743,
  "c_emmet": -1684.624062511639,
  "c_fayette": 1071.2172650708471,
  "c_floyd": 999.7525331329501,
  "c_franklin": 1138.962649988545,
  "c_fremont": 203.25959663209673,
  "c_greene": -1523.2667612945872,
  "c_grundy": 797.8869091500991,
  "c_guthrie": -3092.7113927294827,
  "c_hamilton": -572.1849445142933,
  "c_hancock": 887.8579743181963,
  "c_hardin": 392.74013317588975,
  "c_harrison": -2222.041857250532,
  "c_henry": 1103.494709727394,
  "c_howard": 3575.77203440131,
  "c_humboldt": 1897.9875856403241,
  "c_ida": -471.63811609865047,
  "c_iowa": 394.6160601166053,
  "c_jackson": 441.6505548022538,
  "c_jasper": -114.33869476478104,
  "c_jefferson": -2204.1530716900593,
  "c_johnson": -204.7009714709961,
  "c_jones": -217.1702029755411,
  "c_keokuk": 682.129161936569,
  "c_kossuth": 1002.2937129057003,
  "c_lee": -2637.930972681238,
  "c_linn": 368.8100890872651,
  "c_louisa": 22.68911070460385,
  "c_lucas": -150.63315698279771,
  "c_lyon": 2046.6638437331085,
  "c_madison": -82.48658892636895,
  "c_mahaska": -1822.0094993132677,
  "c_marion": -824.0585873977612,
  "c_marshall": -1693.997761269892,
  "c_mills": -923.3113329813403,
  "c_mitchell": 664.2164669956501,
  "c_monona": -1389.5180530866942,
  "c_monroe": -796.5096932661917,
  "c_montgomery": 2079.5382134652286,
  "c_muscatine": -78.45437261981198,
  "c_o'brien": 63.439459271693856,
  "c_osceola": 332.09237558138756,
  "c_page": -764.5321902678746,
  "c_palo alto": 310.4127377525915,
  "c_plymouth": 745.7382338001185,
  "c_pocahontas": 331.2955247941335,
  "c_polk": 359.6433834525316,
  "c_pottawattamie": 1136.6909568383153,
  "c_poweshiek": -1484.680607313611,
  "c_ringgold": 714.2620294018859,
  "c_sac": -25.414866741137608,
  "c_scott": 1279.1380081737068,
  "c_shelby": -1286.780638167286,
  "c_sioux": -118.94984728760393,
  "c_story": -1977.58406870588,
  "c_tama": 327.4198617497571,
  "c_taylor": -1509.1465012505075,
  "c_union": -796.4321911399646,
  "c_van buren": 110.44561350327608,
  "c_wapello": 1285.0699925494519,
  "c_warren": -231.84904324029824,
  "c_washington": -450.177634270539,
  "c_wayne": 1093.3451422474002,
  "c_webster": 1240.1417949917738,
  "c_winnebago": 3494.3440225195573,
  "c_winneshiek": -1332.1993282266158,
  "c_woodbury": 1410.580232538401,
  "c_worth": 445.1392190537928,
  "c_wright": -108.77909817195814,
  "l_100_agave_tequila": 1238.9316397565187,
  "l_aged_dark_rum": -246.43792445561826,
  "l_american_brandies": -704.3811152713974,
  "l_american_cordials_liqueurs": 1369.8506873309152,
  "l_american_distilled_spirits_specialty": 133.5605620896952,
  "l_american_dry_gins": -103.36798279032293,
  "l_american_flavored_vodka": 88.54113309075687,
  "l_american_schnapps": -315.5825800090109,
  "l_american_sloe_gins": -967.8218477943747,
  "l_american_vodkas": 24.407855180574817,
  "l_blended_whiskies": 159.53486258778008,
  "l_bottled_in_bond_bourbon": -780.6533026708295,
  "l_canadian_whiskies": -118.10005164858603,
  "l_cocktails_rtd": -237.72210334642702,
  "l_coffee_liqueurs": 942.3547429970097,
  "l_corn_whiskies": -1701.006242319841,
  "l_cream_liqueurs": 192.5523453101742,
  "l_flavored_gin": 3878.2481803113355,
  "l_flavored_rum": -403.9598368299216,
  "l_gold_rum": -608.5723757249848,
  "l_imported_brandies": 403.74119208830894,
  "l_imported_cordials_liqueurs": 581.9466035985794,
  "l_imported_distilled_spirits_specialty": 2919.656815632085,
  "l_imported_dry_gins": -762.5703794364038,
  "l_imported_flavored_vodka": 1280.4455306057655,
  "l_imported_schnapps": 141.17395897594815,
  "l_imported_vodkas": -396.0145017271803,
  "l_irish_whiskies": -394.18165130204187,
  "l_mezcal": 6447.611759429534,
  "l_mixto_tequila": 526.9089751900913,
  "l_neutral_grain_spirits": 1368.335157333135,
  "l_neutral_grain_spirits_flavored": -104.22829935074236,
  "l_scotch_whiskies": -104.16766956206463,
  "l_single_barrel_bourbon_whiskies": 3482.713100040057,
  "l_single_malt_scotch": -85.61427553262604,
  "l_special_order_items": -581.4417701977635,
  "l_spiced_rum": -276.6094481884192,
  "l_straight_bourbon_whiskies": -87.72840989997465,
  "l_straight_rye_whiskies": 2515.6396113054816,
  "l_temporary_specialty_packages": -366.7745608571987,
  "l_tennessee_whiskies": 92.84230413074378,
  "l_triple_sec": 4229.39860048037,
  "l_whiskey_liqueur": -210.9567770445701,
  "l_white_rum": 946.2469105193768
}