{
  "count": 23095.0,
  "mean": 6462.534688027712,
  "std": 17846.468085834385,
  "min": 10.75,
  "25%": 1329.8,
  "50%": 2424.2200000000003,
  "75%": 5501.125,
  "max": 499690.94
}